S. No.,Flo_District,Flo_Name of the Centre,Flo_Address,Flo_Latitude,Flo_Longitude
1,Anantnag,Intensive Cattle Development Batengoo,batengoo,33.4516,75.0514
2,Anantnag,Intensive Cattle Development Marhama,marhama,33.841173,75.06896
3,Anantnag,First Aid Center Dabruna,"Utterso najigund,",33.4454,75.074
4,Anantnag,Intensive Cattle Development Bijbehara,bijbehara,33.801735,75.07523
5,Anantnag,PEC Vailoo,Vailoo,33.779723,75.10656
6,Anantnag,Block Veterinary Officer Bijbehara,bijbehara,33.779723,75.10656
7,Anantnag,Intensive Cattle Development Wanpoh,Wanpoh,33.696689,75.11714
8,Anantnag,Intensive Cattle Development Mirbazar,Mir bazar,33.683915,75.1237
9,Anantnag,Sub Unit Khiram,KHIRAM,33.808762,75.12626
10,Anantnag,Sub Unit Sirhama,Sirhama,33.81,75.131
11,Anantnag,District Veterinary Hospital Ang,Municipal Council Anantnag,33.734928,75.13592
12,Anantnag,PDO Office Anantnag,Municipal Council Anantnag,33.734928,75.13592
13,Anantnag,DIO Office Anantnag,Municipal Council Anantnag,33.734928,75.13592
14,Anantnag,Artificial Breeding Station Ang,Municipal Council Anantnag,33.734928,75.13592
15,Anantnag,Livestock Development Officer Office Anantnag,Municipal Council Anantnag,33.734928,75.13592
16,Anantnag,Disease Investigation Laboratory Anantnag,Municipal Council Anantnag,33.734928,75.13592
17,Anantnag,Intensive Cattle Development Sangran,Sangran,33.653862,75.13827
18,Anantnag,Gujjar Backarwal Centre Qazigund,Qazigund (MC)   Ward No.6,33.59632,75.13987
19,Anantnag,Intensive Cattle Development Panzath,Panzath,33.639826,75.14159
20,Anantnag,Intensive Cattle Development Mantpora,MANTPORA,33.6788,75.14222
21,Anantnag,Poultry Rearing Space Khayar,Khayar,33.7350004,75.14262
22,Anantnag,Intensive Cattle Development VesSub Unit,Vessu,33.7550004,75.14262
23,Anantnag,Intensive Cattle Development Tanjloo,Tajloo,33.628142,75.14807
24,Anantnag,Intensive Cattle Development Dailgam,Dialgam,33.686825,75.14815
25,Anantnag,Sub Unit Adlash,ADLASH,33.76655833,75.14827
26,Anantnag,Intensive Cattle Developmentt Anantnag,Municipal Council Anantnag,33.716176,75.15655
27,Anantnag,First Aid Center Nus Sub Unit,Nussu,33.61843048,75.15955
28,Anantnag,Sub Unit Sarnal,Sarnal Bala Ang MC Ward No. 13,33.741325,75.16155
29,Anantnag,"Block Veterinary Officer Qazigund
 GBC Qazigund and Block Veterinary Officer Office Qazigund are in same Building",Qazigund (MC)   Ward No.6,33.593715,75.16418
30,Anantnag,PEC Anantnag,Municipal Council Anantnag,33.593715,75.16418
31,Anantnag,Intensive Cattle Development Veeri,veeri,33.795672,75.16517
32,Anantnag,Veterinary Dispensary Monghall,monghall,33.684538,75.16789
33,Anantnag,Frozen Semen Center Wopzan,Opzan,33.824,75.168
34,Anantnag,First Aid Center Sadoora,SADOORA,33.6445007,75.16936
35,Anantnag,Poultry Rearing Space Larkipora,LARKIPORA,33.6445007,75.16936
36,Anantnag,Poultry Rearing Space Larkipora,Larkipora,33.6445007,75.16936
37,Anantnag,Sub Unit Larkipora,LARKIPORA,33.64,75.17
38,Anantnag,Intensive Cattle Development Rambirpora,"Rampora, Ranbirpora",33.771491,75.17677
39,Anantnag,Sub Unit YK Pora,Y.K. Pora,33.572912,75.17704
40,Anantnag,Intensive Cattle Development Anchidoora,Anchidora ANG MC Ward No 11,33.757374,75.17776
41,Anantnag,Intensive Cattle Development Achabal,WARD NO 4,33.712076,75.18207
42,Anantnag,Sub Unitb Unit DK Pora,DK Pora,33.67722,75.18444
43,Anantnag,Extension Wing Brienty,Brinty A,33.690517,75.19469
44,Anantnag,Sub Unit Dooru,DORU,33.569214,75.19478
45,Anantnag,Intensive Cattle Development kanelwan,KANELWAN,33.806238,75.19675
46,Anantnag,Intensive Cattle Development Brakpora,Brakpora,33.664031,75.19716
47,Anantnag,Intensive Cattle Development Akingam,Akingam,33.649304,75.19927
48,Anantnag,Frozen Semen Center Imoh,Imoh,33.679587,75.2036
49,Anantnag,Intensive Cattle Development Mattan,"Paibug, ward 1 to 13",33.759744,75.20393
50,Anantnag,Poultry project Mattan,Mattan,33.767231,75.2129
51,Anantnag,"layer Poultry farm , Mattan",Mattan,33.7665,75.21295
52,Anantnag,Intensive Cattle Development Hatigam,HATTIGAM,33.806238,75.21578
53,Anantnag,Block Veterinary Officer Achabal,WARD NO 4,33.681967,75.21999
54,Anantnag,PEC Budroo,Badroo,33.681967,75.21999
55,Anantnag,Intensive Cattle Development Hakura,Hakura Badasgam,33.667853,75.22512
56,Anantnag,PEC Qazigund,Qazigund,33.578028,75.22517
57,Anantnag,Frozen Semen Center Dehwatoo,Dehwatoo,33.8343275,75.23204
58,Anantnag,Sub Unit Sagam,Sagam,33.626924,75.23656
59,Anantnag,Poultry Rearing Space Shangus,Shangas,33.713698,75.23679
60,Anantnag,Intensive Cattle Development Akura,"Akura, Ramhall",33.744024,75.23897
61,Anantnag,FSC NOWGAM,NOWGAM,33.540991,75.24
62,Anantnag,Veterinary Dispensary Hutmurah,Hutmurah,33.7917226,75.24371
63,Anantnag,Tehsil Unit Verinag,Malikpora,33.540119,75.24511
64,Anantnag,Intensive Cattle Development Seer,Manigam,33.80956953,75.24618
65,Anantnag,Intensive Cattle Development Nowgam,Nowgam,33.84984244,75.25726
66,Anantnag,ICD BATAGUND,Batagund,33.55,75.26
67,Anantnag,Intensive Cattle Development Sadiwara,Sadiwara,33.554139,75.26185
68,Anantnag,Sub Unit Sallar,Sallar,33.906362,75.26295
69,Anantnag,Block Veterinary Officer Breng,Sagam,33.609207,75.26737
70,Anantnag,First Aid Center Ranipora,Ranipora,33.729384,75.26741
71,Anantnag,Veterinary Dispensary Ashmuqam,roo,33.82300193,75.26857
72,Anantnag,Sub Unit Khayar,Khayar,33.7987151,75.27033
73,Anantnag,Intensive Cattle Development Nowgam,nowgam,33.672095,75.27377
74,Anantnag,Intensive Cattle Development Hangalgund,MC kokernag,33.573064,75.27401
75,Anantnag,Intensive Cattle Development Katsoo,Kathsoo,33.927911,75.27606
76,Anantnag,Frozen Semen Center Brah,brah,33.732,75.2764
77,Anantnag,TC Hallan,Rein Chowgund,33.5138,75.27746
78,Anantnag,Poultry Rearing Space Shangus,,33.699981,75.28472
79,Anantnag,Frozen Semen Center Kachwan,kachwan,33.700331,75.2871
80,Anantnag,Intensive Cattle Development Salia,Tangmarg(Mush Khasa Rasool Khandi),33.78251,75.28997
81,Anantnag,Frozen Semen Center Dethoo,dethu,33.741704,75.29293
82,Anantnag,Veterinary Hospital Pahalgam,ward no 12,33.94036,75.29621
83,Anantnag,Veterinary Dispensary Brariangan,Brariangan,33.708757,75.30228
84,Anantnag,Mobile Dispensary Vojoora,Wajoora,33.8153381,75.31095
85,Anantnag,Poultry Rearing Space Khayar,Khayar,33.8153381,75.31095
86,Anantnag,Intensive Cattle Development Soaifshali,Soaif Shali,33.63058,75.31283
87,Anantnag,Sub Unit Shangus,Shangus,33.694988,75.31494
88,Anantnag,Sub Unit Wangam,Wagam,33.556768,75.33289
89,Anantnag,Sub Unit Gadool,Gadool,33.577005,75.33838
90,Anantnag,Intensive Cattle Development Sheikhpora,sheikhpora,33.76,75.34
91,Anantnag,Sub Unit Chittergull,Chitergul,33.754308,75.34325
92,Anantnag,Subunit Kapran,KAPRAN,33.4747,75.3538
93,Anantnag,Livestock Development Officer Office Dooru,Dooru Verinag (MC)   Ward No.1,33.47470833,75.3538
94,Anantnag,Sub Unit Bidhard,Bidhard,33.5614988,75.35764
95,Anantnag,Intensive Cattle Development Keherpora,kherpora,33.561696,75.35991
96,Anantnag,Sub Unit Larnoo,Larnoo,33.641362,75.37495
97,Anantnag,Intensive Cattle Development Magam,Magam,33.623691,75.3759
98,Anantnag,Frozen Semen Center Vailoo,Vailoo,33.518795,75.38037
99,Anantnag,Veterinary Dispensary Mathihindoo,Mathindoo,33.674444,75.39306
100,Anantnag,Frozen Semen Center Nowgbugh,Nowbugh,33.694362,75.40487
101,Anantnag,Frozen Semen Center Batkoot,Batkote,33.968284,75.317395
102,Bandipora, Veterinary Assistant Surgeon Aloosa ,Aloosa,34.429325,74.538505
103,Bandipora,First Aid Center Gundjahangir,Gund jahangir,34.266528,74.55027
104,Bandipora,Intensive Cattle Development Shahgund,Shah Gund,34.278714,74.569204
105,Bandipora,Veterinary Assistant Surgeon Quil ,Quil Muqam,34.434152,74.574898
106,Bandipora,Intensive Cattle Development Naidkhai,Naidkhai,34.247349,74.578378
107,Bandipora,Intensive Cattle Development HQ Nowgam,Nowgam,34.209919,74.597468
108,Bandipora,Livestock Development Centre Onagam ,Onagam,34.432624,74.610262
109,Bandipora,Veterinary Assistant Surgeon Qazipora ,Qazipora Putushai,34.422162,74.612615
110,Bandipora,Intensive Cattle Development HQ Baharabad,Baharabad,34.266754,74.615704
111,Bandipora,Intensive Cattle Development HQ Hajin,Ward no. 01,34.290923,74.620283
112,Bandipora,First Aid Center Gadkhud,Gaa Khud,34.18111533,74.6247449
113,Bandipora,Intensive Cattle Development Madvan,Madwan,34.331837,74.624938
114,Bandipora,Intensive Cattle Development Lawaypora ,Lawaypora,34.441062,74.627766
115,Bandipora,First Aid Center Ganstan,Ganastan,34.1868158,74.6376643
116,Bandipora,Disease Investigation Laboratory Bandipora ,Bandipora (MC)   Ward No.5,34.41902,74.64296
117,Bandipora,First Aid Center Chandergeer,Chandergair,34.283865,74.643126
118,Bandipora,Poultry Rearing Space Bandipora ,Bandipora (MC)   Ward No.5,34.419082,74.643207
119,Bandipora,"Veterinary Hospital
 Bandipora ",Bandipora (MC)   Ward No.5,34.419082,74.643207
120,Bandipora,Artificial Breeding Station Bandipora ,Bandipora (MC)   Ward No.5,34.419107,74.643215
121,Bandipora,First Aid Center S.K Bala,Shilvath,34.303584,74.64432
122,Bandipora,LDO/Intensive Cattle Development HQ Sumbal,Main Bazar Sumbal,34.232204,74.646757
123,Bandipora,Disease Investigation Laboratory Sumbal,Main Bazar Sumbal,34.23199,74.646882
124,Bandipora,FSC Sonerwani ,Soner Wani,34.443708,74.647388
125,Bandipora,Intensive Cattle Development Sadunara,Sadhunara,34.320272,74.650241
126,Bandipora,Intensive Cattle Development Nadihal ,Nadihal,34.39363,74.651571
127,Bandipora,First Aid Center Mantrigam ,Mantrigam,34.459196,74.652911
128,Bandipora,Intensive Cattle Development Shilvath,Shilvath,34.203406,74.657918
129,Bandipora,Intensive Cattle Development Gamroo,Gamroo,34.409262,74.659988
130,Bandipora,Frozen Semen Center Trigam,Trigam,34.172374,74.660803
131,Bandipora,First Aid Center Nesbal,Hilalabad Nesbal,34.2471697,74.662688
132,Bandipora,Veterinary Assistant Surgeon Garoora ,Garoora,34.365426,74.664894
133,Bandipora,Livestock Development Centre Bankoot,Bonakoot,34.466847,74.666156
134,Bandipora,Intensive Cattle Development HQ Ajas,Ajas,34.336558,74.667534
135,Bandipora,Intensive Cattle Development HQ Asham,Asham,34.246743,74.678881
136,Bandipora,Sub unit Baghtore ,Baghtore,34.658324,74.682311
137,Bandipora,Intensive Cattle Development Aragam ,Aragam,34.375286,74.68573
138,Bandipora,Veterinary Assistant Surgeon Chittibandy ,Chittibanday,34.379427,74.691455
139,Bandipora,Veterinary Assistant Surgeon Gabpathri ,Shamthan,34.418056,74.694382
140,Bandipora,First Aid Center Kanzalwan ,Kanzalwan,34.645189,74.701206
141,Bandipora,Livestock Development Centre Chilliwan ,Chittibanday,34.375654,74.701699
142,Bandipora,Veterinary Assistant Surgeon Arin,Arin Dard Pora,34.418755,74.701801
143,Bandipora,Livestock Development Centre Chuntimulla ,Chuntimulla,34.40896,74.745228
144,Bandipora,First Aid centre Wanpora,Wanpora,34.63431165,74.80850508
145,Bandipora,HQ Dawar,Dawar ,34.632621,74.834081
146,Bandipora,Poultry Rearing Space  Dawar ,Dawar ,34.632621,74.834081
147,Bandipora,Veterinary Dispensary Aachoora,Achoora,34.633515,74.874083
148,Bandipora,First Aid Center Barnai,Barnai,34.60862,74.952506
149,Bandipora,First Aid Center Sheikpora ,Sheikhpora,34.588868,74.990987
150,Bandipora,First Aid Center Neeru,Neeru,34.570066,75.012251
151,Bandipora,Sub unit  Badugam,Badugam,34.552006,75.064217
152,Bandipora,Sub unit Baduaab,Baduaaab,34.52798,75.171477
153,Baramulla,Sub Unit Kamalkote,Kamalkote,34.132685,73.972597
154,Baramulla,VAC Gohallan,Gohallan,34.056169,73.982116
155,Baramulla,First Aid Centre Sultandaki,Sultandaki,34.115953,73.98343
156,Baramulla,VAC Dachi,Dachi,34.104085,74.024241
157,Baramulla,First Aid Centre Salamabad,Salamabad,34.089952,74.028028
158,Baramulla,Tehsil Unit Uri,Uri,34.079001,74.054572
159,Baramulla,Disease Investigation Laboratory Uri,Uri,34.079001,74.054572
160,Baramulla,"Poultry Rearing Space , Uri",Uri,34.0816037,74.0560692
161,Baramulla,Sub Unit Garkote,Garkote,34.07301,74.064693
162,Baramulla,First Aid Centre Gingal,Gingal,34.132949,74.105827
163,Baramulla,Sub Unit Nambla,Nambla,34.067446,74.109308
164,Baramulla,Sub Unit Noorkhah,Noorkhah,34.164664,74.132273
165,Baramulla,First Aid Centre Boniyar,Boniyar,34.1347432,74.1785214
166,Baramulla,First Aid Centre Pringal,Pringal,34.147567,74.186072
167,Baramulla,Sub Unit Trinkanjan,Trinkanjan,34.10356,74.193906
168,Baramulla,Intensive Cattle Development Nowshera,Nowshera,34.155373,74.224972
169,Baramulla,Sub Unit Dazana,Dazana,34.287708,74.231017
170,Baramulla,First Aid Centre Pehlipora,Pehlipora,34.176585,74.232465
171,Baramulla,First Aid Centre Kangroosa,Kangroosa,34.302671,74.252792
172,Baramulla,Sub Unit Kalantra,Kalantra,34.0826,74.2536
173,Baramulla,Intensive Cattle Development Zehanpora,Zehanpora,34.187362,74.262856
174,Baramulla,First Aid Centre Hachipora,Hachipora,34.299282,74.280253
175,Baramulla,Sub Unit Khahmoh,Khahmoh,34.2441576,74.2841364
176,Baramulla,Sub Unit Panzulla,Panzulla,34.276246,74.291021
177,Baramulla,Sub Unit Sheeri,Sheeri,34.185454,74.314068
178,Baramulla,First Aid Centre Waripora,Waripora,34.306745,74.317158
179,Baramulla,First Aid Centre Audoora,Audoora,34.153341,74.321905
180,Baramulla,Frozen Semen Centre Fatehgarh,Fatehgarh,34.177852,74.322038
181,Baramulla,Sub Unit Shitloo,Shitloo,34.2592566666666,74.324575
182,Baramulla,Intensive Cattle Development Rawoocha,Rawoocha,34.311058,74.326015
183,Baramulla,VD Sangri,Sangri,34.186463,74.338982
184,Baramulla,District Veterinary Hospital Baramulla,Baramulla,34.206472,74.340278
185,Baramulla,Disease Investigation Laboratory Baramulla,Baramulla,34.206269,74.340323
186,Baramulla,Intensive Cattle Development Dangiwacha,Dangiwacha,34.319855,74.348936
187,Baramulla,Intensive Cattle Development Binner,Binner,34.239354,74.348987
188,Baramulla,Sub Unit Rohama,Rohama,34.2741894,74.3554544
189,Baramulla,Intensive Cattle Development Khawajabagh,Khawajabagh,34.216447,74.368879
190,Baramulla,Sub Unit Zaloora,Zaloora,34.408022,74.370942
191,Baramulla,Intensive Cattle Development Nadihal,Nadihal,34.256308,74.372137
192,Baramulla,Intensive Cattle Development Watergam,Watergam,34.317594,74.372357
193,Baramulla,Sub Unit Chandoosa,Chandoosa,34.153213,74.37626
194,Baramulla,Poultry Rearing Space Khawajabagh,Khawajabagh,34.215008,74.37718
195,Baramulla,First Aid Centre Hadipora,Hadipora,34.293867,74.391278
196,Baramulla,Intensive Cattle Development Ladoora,Ladoora,34.256251,74.397085
197,Baramulla,Sub Unit Uplina,Uplina,34.200365,74.399064
198,Baramulla,Intensive Cattle Development Wadoora,Wadoora,34.344083,74.399816
199,Baramulla,"layer Poultry farm, Achabal",Achabal,34.27528,74.40197
200,Baramulla,"Modern Hatchery, Achabal",Achabal,34.27528,74.40197
201,Baramulla,frozen semen centre Tujjar,Tujjar,34.375813,74.402154
202,Baramulla,Intensive Cattle Development Achabal,Achabal,34.2794766666666,74.4044166666666
203,Baramulla,Intensive Cattle Development Behrampora,Behrampora,34.331917,74.405783
204,Baramulla,Intensive Cattle Development Hudipora,Hudipora,34.173116,74.409826
205,Baramulla,Sub Unit HAJIBAL,HAJIBAL,34.096458,74.410014
206,Baramulla,Intensive Cattle Development Doabah,Doabah,34.266522,74.41036
207,Baramulla,VD Singhpora kalan,Singhpora kalan,34.208805,74.416333
208,Baramulla,Frozen Semen Centre Managam,Managam,34.154383,74.419508
209,Baramulla,Intensive Cattle Development Seelu,Seelu,34.329907,74.419665
210,Baramulla,Intensive Cattle Development Delina,Delina,34.239079,74.420063
211,Baramulla,Intensive Cattle Development Bomai,Bomai,34.367601,74.423752
212,Baramulla,Intensive Cattle Development Rebban,Rebban,34.2984005,74.4248996
213,Baramulla,First Aid Centre KAKOWTHAL,KAKOWTHAL,34.140542,74.426844
214,Baramulla,Sub Unit TANGMARG,TANGMARG,34.062933,74.427389
215,Baramulla,First Aid Centre HARD ICHLOO,HARD ICHLOO,34.105997,74.437615
216,Baramulla,VD Chinad,Chinad,34.238211,74.438201
217,Baramulla,Intensive Cattle Development KHAIPORA,KHAIPORA,34.131606,74.441722
218,Baramulla,Sub Unit WATERGAM,WATERGAM,34.171408,74.442742
219,Baramulla,Intensive Cattle Development Seer,Seer,34.257102,74.44366
220,Baramulla,Intensive Cattle Development Nowpora,Nowpora,34.216108,74.448716
221,Baramulla,Frozen Semen Centre CHANDILOORA,CHANDILOORA,34.07283,74.451247
222,Baramulla,Intensive Cattle Development Shiva,Shiva,34.374174,74.451744
223,Baramulla,First Aid Centre BADERKOTE,BADERKOTE,34.041407,74.457506
224,Baramulla,First Aid Centre SALOOSA,SALOOSA,34.195057,74.462037
225,Baramulla,Intensive Cattle Development Sopore,Sopore,34.286326,74.462737
226,Baramulla,Tehsil Unit Sopore,Sopore,34.286347,74.462991
227,Baramulla,Disease Investigation Laboratory Sopore,Sopore,34.286347,74.462991
228,Baramulla,Sub Unit Duroo,Duroo,34.349874,74.46486
229,Baramulla,Intensive Cattle Development Dangerpora,Dangerpora,34.329072,74.46637
230,Baramulla,Intensive Cattle Development Rampora Rajpora,Rampora Rajpora,34.411937,74.466782
231,Baramulla,Intensive Cattle Development AUTHOORA,Authoora,34.212246,74.467344
232,Baramulla,Intensive Cattle Development Arampora,Arampora,34.289462,74.474075
233,Baramulla,Intensive Cattle Development KREERI,kreeri,34.170894,74.476639
234,Baramulla,Sub Unit WAILOO,WAILOO,34.125541,74.477565
235,Baramulla,Intensive Cattle Development KRALWETH,KRALWETH,34.102547,74.480267
236,Baramulla,Intensive Cattle Development Warpora,Warpora,34.335839,74.480603
237,Baramulla,Intensive Cattle Development Krankshivan,Krankshivan,34.250547,74.481314
238,Baramulla,Frozen Semen Centre Tilgam,Tilgam,34.151439,74.481319
239,Baramulla,First Aid Centre GOGALDARA,GOGALDARA,34.01992,74.48156
240,Baramulla,Frozen Semen Centre KUNZER,KUNZER,34.080643,74.496773
241,Baramulla,Intensive Cattle Development Boocho,Boocho,34.213048,74.497944
242,Baramulla,Intensive Cattle Development Tarzoo,Tarzoo,34.269429,74.498109
243,Baramulla,Intensive Cattle Development Botingoo,Botingoo,34.367177,74.501873
244,Baramulla,Intensive Cattle Development Hygam,Hygam,34.245692,74.502332
245,Baramulla,Frozen Semen Centre Takiya Tapper,Takiya Tapper,34.205844,74.504983
246,Baramulla,Frozen Semen Centre OGMUNA,OGMUNA,34.065256,74.511557
247,Baramulla,Intensive Cattle Development Wanigam,Wanigam,34.172457,74.511562
248,Baramulla,Intensive Cattle Development YALL,YALL,34.120355,74.516286
249,Baramulla,Intensive Cattle Development Rakhi Hygam,Rakhi Hygam,34.260916,74.523386
250,Baramulla,Intensive Cattle Development Nihalpora,Nihalpora,34.147995,74.527741
251,Baramulla,Intensive Cattle Development Andergam,Andergam,34.20387,74.528066
252,Baramulla,First Aid Centre Check Sari,Check Sari,34.13863,74.529564
253,Baramulla,Intensive Cattle Development HARD ABOORA,HARD ABOORA,34.05648599,74.53469653
254,Baramulla,Intensive Cattle Development DHOBIWAN,DHOBIWAN,34.09024,74.544451
255,Baramulla,Intensive Cattle Development Palhallan,Palhallan,34.18517,74.545998333333
256,Baramulla,Intensive Cattle Development Goshbugh,Goshbugh,34.22234216,74.55020524
257,Baramulla,Sub Unitb Unit Pattan,Pattan,34.156706,74.557067
258,Baramulla,Pattan Lab,Pattan,34.156706,74.557067
259,Baramulla,Sub Unitb Unit Shirpora,Shirpora,34.135284,74.562991
260,Baramulla,Intensive Cattle Development Khore,Khore,34.133113,74.57597
261,Baramulla,Intensive Cattle Development Hanjiwara,Hanjiwara,34.138421,74.587145
262,Baramulla,Frozen Semen Centre G.K.Qasim,G.K.Qasim,34.125673,74.606406
263,Baramulla,Intensive Cattle Development Singhpora,Singhpora,34.151143,74.610455
264,Baramulla,Frozen Semen Centre Nooripora,Nooripora,34.104891,74.612487
265,Baramulla,Intensive Cattle Development Matipora,Matipora,34.139138,74.619
266,Baramulla,Intensive Cattle Development Khanpeth,Khanpeth,34.15806,74.623666
267,Baramulla,Sub Unitb Unit Mirgund,Mirgund,34.135383,74.661681
268,Budgam,Frozen Semen Centre Bundagam,Bundgam,34.033456,74.3842
269,Budgam,Sub Unit Poshker,Poshkar,34.026706,74.508432
270,Budgam,Sub Unit Khag,Khag,34.001756,74.528934
271,Budgam,Frozen Semen Centre Shonglipora,Shunglipora,33.970123,74.54468
272,Budgam,Sub Unit Drung,Drang,33.958635,74.547945
273,Budgam,Intensive Cattle Development Palpora,Palpora,34.051548,74.547984
274,Budgam,Intensive Cattle Development Sub Unitresh,Hardsuresh,34.028512,74.549441
275,Budgam,Intensive Cattle Development Dasan,Dasan,33.9256,74.5566
276,Budgam,First Aid Centre Ichihama,Ichoihama,34.025866,74.565917
277,Budgam,Frozen Semen Centre Iskander,Iskanderpora,34.029405,74.567016
278,Budgam,First Aid Centre Lalpora,Lalpora,34.007155,74.574094
279,Budgam,Intensive Cattle Development Aripanthan,Aripathan,34.059278,74.576929
280,Budgam,First Aid Centre Zanigam,Zanigam /SAIL,33.96235,74.58075
281,Budgam,Sub Unit Kandoora,Kandoora,33.994022,74.585321
282,Budgam,Sub Unitb Unit Zoogu Khairen,Zoogu khrain,33.92701,74.585765
283,Budgam,Intensive Cattle Development Magam,Magam,34.09192904,74.58585676
284,Budgam,Frozen Semen Centre Raiyar,Raiyar,33.92307,74.58588
285,Budgam,Tehsil Unit Beerwah,Beerwah,34.019116,74.588374
286,Budgam,Intensive Cattle Development RathSub Unitn,Rathsun,34.056184,74.599879
287,Budgam,Intensive Cattle Development Sonapah,Sonapah,34.011513,74.60414
288,Budgam,Intensive Cattle Development Najan,Najan,33.994347,74.606708
289,Budgam,First Aid Centre Zabigulla,Zabigullah,33.964687,74.609398
290,Budgam,Sub Unitb Unit Rawalpora,Rawalpora,33.947043,74.612582
291,Budgam,Sub Unit Gundipora,Gundipora,34.017804,74.622463
292,Budgam,Intensive Cattle Development Mazhama,Mazhama,34.101701,74.62377
293,Budgam,Intensive Cattle Development Raziwen,Razwen,34.08488,74.628316
294,Budgam,Livestock Development Mujhpathri,Mujipathri/RAITHEN,33.88178,74.629826
295,Budgam,First Aid Centre Charangam,Chrangam,34.026367,74.64169
296,Budgam,Intensive Cattle Development Kawoosa,Kawooaa Khalisa,34.10242,74.645743
297,Budgam,Sub Unitb Unit Watrehail,Watrehail,33.98604,74.65095
298,Budgam,Sub Unitb Unit Watred,Watred,33.903053,74.656936
299,Budgam,Frozen Semen Centre Raithan,Raithan,33.918026,74.65889
300,Budgam,Sub Unitb Unit Khansahib,Khansahib,33.931626,74.659298
301,Budgam,Intensive Cattle Development Narbal,Narbal,34.11537,74.663842
302,Budgam,Livestock Development Brenwar,Brenwar,33.881713,74.667382
303,Budgam,Frozen Semen Centre Wadwan,wadwan,34.0780501,74.66781579
304,Budgam,Frozen Semen Centre sholipora,SHOOLIPORA,34.013072,74.668439
305,Budgam,Sub Unit .Garend khurd,GARIEND KHURD,34.051299,74.684304
306,Budgam,Frozen Semen Centre Jawalapora,JAWALAPORA,33.992608,74.686333
307,Budgam,Livestock Development Gogjipathri,Gogjipathri,33.860658,74.687324
308,Budgam,Intensive Cattle Development Arigam,Arigam,33.927094,74.68743
309,Budgam,First Aid Centre Shamasabad,Shamasabad,33.942065,74.68743
310,Budgam,Livestock Development Nagbal,Nagbal,33.817934,74.688528
311,Budgam,Livestock Development Braripathri,Barari Pathri,33.83586,74.700967
312,Budgam,First Aid Centre Falchal,Falchal,33.970714,74.704789
313,Budgam,Sub Unit soibug,SOIBUG,34.075419,74.708628
314,Budgam,Intensive Cattle DevelopmentNSPORA,NASRULLAHPORA,34.075419,74.708628
315,Budgam,Sub Unitb Unit Kremshore,Kremshore,33.953144,74.718526
316,Budgam,First Aid Centre Handjan,Handjan,33.982084,74.71913
317,Budgam,Poultry Rearing Space Budgam,Budgam,34.017611,74.720275
318,Budgam,District Investigation Lab,Budgam,34.017611,74.720275
319,Budgam,Sub Unitb Unit Parnewa,Parnewa,33.977524,74.725301
320,Budgam,Sub Unit Dadompora,Dadompora,33.906864,74.726574
321,Budgam,Sub Unitbunit choon,CHOON,33.988512,74.730182
322,Budgam,Livestock Development Watakuloo,Watakloo,33.868665,74.73538
323,Budgam,Intensive Cattle Development durbal,DURBAL,34.080561,74.741185
324,Budgam,Sub Unit Wagam,Wagam,33.950794,74.744296
325,Budgam,First Aid Centre Hafroo,Hapro Batapora,33.8768,74.7449
326,Budgam,Sub Unit Bemina,BEMINA,34.053068,74.747656
327,Budgam,Sub Unitb Unit Ichgam,ICHGAM,33.987821,74.753274
328,Budgam,First Aid Centre humhama,HUMHAMA,34.028037,74.75406
329,Budgam,First Aid Centre Ranger,Ranger,33.939369,74.757172
330,Budgam,Sub Unit Zoohama,Zooham Khandaypora,33.906678,74.757583
331,Budgam,Sub Unitb Unit Nowpora,Nowpora,33.9094,74.7576
332,Budgam,Frozen Semen Centre Pakherpora,Pakherpora,33.8201732,74.759602
333,Budgam,Intensive Cattle Development Narkara,NARKARA,34.04586,74.760027
334,Budgam,Sub Unit Chrarisharief,Chrari Sharief (MC)   Ward No.07,33.8611,74.7697
335,Budgam,SC Hanjoora,Hanjoora,33.943379,74.770463
336,Budgam,First Aid Centre Sogam,Sogam,33.929336,74.774413
337,Budgam,Intensive Cattle Development Panzan,Panzen,33.961967,74.774851
338,Budgam,First Aid Centre Badipora,Badi Pora,33.919502,74.775928
339,Budgam,Livestock Development Chraripora,Chararipora,33.824898,74.783031
340,Budgam,Intensive Cattle Development GopaliSaif,Gopalsaif,33.94949,74.791566
341,Budgam,Intensive Cattle Development Nagam,Nagam   ,33.924047,74.795328
342,Budgam,Tehsil Unit Chadoora ,Chadoora (MC) Ward No.12,33.943624,74.799738
343,Budgam,Intensive Cattle Development KRALPORA,KRALPORA,33.997,74.813
344,Budgam,Sub Unit B K PORA,BK Pora/kanipora,34.0071,74.8271
345,Budgam,Sub Unit Bugam,Bugam Batapora,33.955589,74.835169
346,Budgam,Sub Unit WADIPORA,WADIPORA,33.926,74.838
347,Budgam,Intensive Cattle Development WAGOORA,WAGOORA,33.985,74.864
348,Budgam,First Aid Centre KHANDA,KHANDA,33.971,74.868
349,Budgam,Sub Unit PAHROO,Pahroo,33.993,74.875
350,Budgam,Frozen Semen Centre RAKHSHALINA,RAKHSHALINA,34.017,74.887
351,Budgam,Intensive Cattle Development Hayatpora,Hayatpora,33.911474,74.911474
352,Ganderbal,Animal Farm and  Frozen Semen Project Ranbirbagh Ganderbal,Repora,34.2473975,74.729679152
353,Ganderbal,Intensive Cattle Development Center 	,Tulmulla,34.2201,74.7331
354,Ganderbal,Intensive Cattle Development Tehlipora,Tehlipora,34.192777,74.76777
355,Ganderbal,Frozen Semen Centre Arch,Arch,34.243279,74.770223
356,Ganderbal,Intensive Cattle Development Fatehpora ,Fatehpora,34.197918,74.77700071
357,Ganderbal,Frozen Semen Centre Serch,Serch,34.2435,74.7853
358,Ganderbal,Intensive Cattle Development Center ,Baderkund,34.23401,74.78935
359,Ganderbal,Intensive Cattle Development Center ,Nunnar,34.257675,74.790467
360,Ganderbal,Intensive Cattle Development Malshahibagh,Malshahibagh,34.211995,74.792425
361,Ganderbal,Intensive Cattle Development khalmulla ,KHALMULLA,34.19538,74.81562
362,Ganderbal,Livestock Development Centre Gutlibagh ,Gutlibagh,34.271976,74.822484
363,Ganderbal,Intensive Cattle Development bakura,BAKOORA,34.18725,74.83906
364,Ganderbal,Intensive Cattle Development Center ,Bamloora,34.2012,74.7655
365,Ganderbal,Intensive Cattle Development Gadoora,gadoora,34.176786,74.778469
366,Ganderbal,Intensive Cattle Development Pandach,Pandach,34.191075,74.806303
367,Ganderbal,Sub Unitb unit Sehpora,Sehpora,34.202937,74.725764
368,Ganderbal,Intensive Cattle Development Center ,Saloora,34.210064,74.76635
369,Ganderbal,Tehsil Unit Ganderbal,Duderhama,34.214055,74.771679
370,Ganderbal,Intensive Cattle Development chundani,Chundina,34.180213,74.719462
371,Ganderbal,Sub Unit SHALLABUGH,Shallabugh,34.1672,74.7365
372,Ganderbal,Intensive Cattle Development HAKIMGUND,Hakimgund,34.187154,74.74924
373,Ganderbal ,Veterinary Dispensary Zazuna,Zazuna,34.229249,74.683419
374,Ganderbal ,Intensive Cattle Development Center ,Preng,34.225862,74.760589
375,Ganderbal ,Livestock Development Centre Chatergul,Chattergul,34.190119,74.769227
376,Ganderbal ,Intensive Cattle Development Ganderbal ,Duderhama,34.214055,74.771679
377,Ganderbal ,Intensive Cattle Development Akhal,Akhal,34.214055,74.771679
378,Ganderbal ,Intensive Cattle Development Wussan,Wussan,34.197918,74.77700071
379,Ganderbal ,Frozen Semen Centre Khanan,Khanan,34.214615,74.782717
380,Ganderbal ,Frozen Semen Centre Goripora,Goripora,34.211995,74.792425
381,Ganderbal ,Intensive Cattle Development Anderwan,Anderwan,34.19538,74.81562
382,Ganderbal ,Sub Unit Manigam,Manigan/Haripora,34.18725,74.83906
383,Ganderbal ,Poultry Rearing Space  kangan,Kangan,34.191075,74.806303
384,Ganderbal ,Frozen Semen Centre Chattergul,Chattergul,34.214055,74.771679
385,Ganderbal ,Poultry Rearing Space  Ganderbal,,34.203083,74.705292
386,Ganderbal ,Frozen Semen Centre Kangan,Kangan,34.180213,74.719462
387,Ganderbal ,Tehsil Unit Kangan,Kangan,34.256858,74.662899
388,Ganderbal ,Veterinary Dispensary Batwina,Batwina,34.2151,74.67195
389,Ganderbal ,Intensive Cattle Development Center ,Kachnambal,34.2151,74.67195
390,Ganderbal ,Veterinary Hospital Safapora,Safapora,34.259493,74.681047
391,Ganderbal ,Frozen Semen Centre satrina,Satrina,34.259493,74.681047
392,Ganderbal ,Mobile Dispensary Kullan,Kullan ,34.248703,74.683256
393,Ganderbal ,Intensive Cattle Development Center ,Mamer,34.23019,74.684681
394,Ganderbal ,Intensive Cattle Development Centre Dab,Dab,34.1888772,74.693689
395,Ganderbal ,Sub Unit Gund,Gund Sursing,34.1888772,74.693689
396,Ganderbal ,Veterinary Dispensary Wakura,Wakura,34.208654,74.696029
397,Ganderbal ,Frozen Semen Centre cherwan,Cherwan,34.208654,74.696029
398,Ganderbal ,Intensive Cattle Development ButKulan,Kullan,34.235435,74.701881
399,Ganderbal ,Intensive Cattle Development Centre Kurhama,Kurhama,34.234086,74.708648
400,Ganderbal ,Intensive Cattle Development Kati Wangath ,KatiWangath,34.234086,74.708648
401,Ganderbal ,Veterinary Dispensary Chuntwaliwar,Chuntwaliwar,34.28055,74.749271
402,Ganderbal ,First Aid Centre Thune,Thune,34.28055,74.749271
403,Ganderbal ,Intensive Cattle Development Centre Theeru,Theeru,34.230696,74.751248
404,Ganderbal ,Intensive Cattle Development Center ,Kachnambal,34.230696,74.751248
405,Ganderbal ,Block Veterinary Office Lar,Qasba Lar,34.257031,74.7542076
406,Ganderbal ,Mobile Dispensary Wangath,Wangath,34.257031,74.7542076
407,Ganderbal ,Intensive Cattle Development Centre Repora,Repora,34.250583,74.754453
408,Ganderbal ,Intensive Cattle Development Ninihana ,Hayan Palpora,34.250583,74.754453
409,Ganderbal ,Livestock Development Centre Sub Unitmbal balla,Sumbal Bala,34.252163,74.761701
410,Ganderbal ,Intensive Cattle Development Centre Watlar,Watlar,34.2672074,74.764835
411,Ganderbal ,Livestock Development Centre yachahama ,Yachama,34.2672074,74.764835
412,Ganderbal ,Intensive Cattle Development Centre Manigam,Manigam,34.281533,74.798857
413,Ganderbal ,Sub Unit Hariganiwan ,Hariganiwan,34.281533,74.798857
414,Kulgam,Intensive Cattle Development KBPORA,KBPORA,33.3744,74.5538
415,Kulgam,Gujjar Backarwal Centre NANDIMARG,NANDIMARG,33.3358,74.5621
416,Kulgam,Sub UnitBUNIT DHPORA,DHPORA,33.6073,74.8844
417,Kulgam,Intensive Cattle Development Nehama ,Nehama,33.635441,74.896725
418,Kulgam,Intensive Cattle Development Gopalpora,Gopal Pora,33.640438,74.924532
419,Kulgam,Intensive Cattle Development Gopalpora,Gopalpora,33.640438,74.924532
420,Kulgam,Poultry Rearing Space  Kourserbal,Kouserbal,33.598129,74.933029
421,Kulgam,Intensive Cattle Development Nillow,Nillow,33.662078,74.952843
422,Kulgam,Intensive Cattle Development Arreh,         Arreh,33.678548,74.962202
423,Kulgam,Intensive Cattle Development Mirhama,Mirhama,33.644301,74.964479
424,Kulgam,Intensive Cattle Development Behibagh,   Behibagh,33.704668,74.964841
425,Kulgam,Veterinary Dispensary MUNAD,Munad,33.757021,74.965262
426,Kulgam,Gujjar Backarwal Centre DK MARG,,33.56538046,74.98113784
427,Kulgam,Gujjar Backarwal Centre DK MARG,DK marg,33.56538046,74.98113784
428,Kulgam,Intensive Cattle Development Katrsoo ,       Katrusoo,33.67901,74.986908
429,Kulgam,Intensive Cattle Development Chowlgam,Chowalgam,33.651355,74.991276
430,Kulgam,Intensive Cattle Development KADDER,         Kadder,33.6996,74.9925
431,Kulgam,Intensive Cattle Development chambgund,Chambgund,33.6448,75.015
432,Kulgam,Intensive Cattle Development YARIPORA,Yaripora ,33.715952,75.0166
433,Kulgam,Disease Investigation Labaratory ,Kulgam,33.642793,75.0178512
434,Kulgam,Intensive Cattle Development Kulgam,Kulgam,33.643344,75.018566
435,Kulgam,Intensive Cattle Development Kulgam,Kulgam,33.643344,75.018566
436,Kulgam,Tehsil Unit Kulgam/DVH Kulgam ,Kulgam,33.64313775,75.018593
437,Kulgam,Tehsil Unit Kulgam,Kulgam,33.64313775,75.018593
438,Kulgam,Gujjar Backarwal Centre Malwan,Malwan,33.599,75.022
439,Kulgam,Gujjar Backarwal Centre Malwan,Malwan,33.599,75.022
440,Kulgam,Mobile Dispensary BADIJAHALAN,badijihallan,33.549246,75.023481
441,Kulgam,Intensive Cattle Development Centre Bugam,Bugam,33.686175,75.023751
442,Kulgam,Intensive Cattle Development BUGAM,       Bugam,33.687965,75.0247
443,Kulgam,Intensive Cattle Development TARIGAM ,Tarigam Devsar,33.707018,75.034657
444,Kulgam,Intensive Cattle Development FRISAL ,Frisal,33.759344,75.040854
445,Kulgam,First Aid Centre SHIRPORA,Shirpora,33.768525,75.049031
446,Kulgam,Intensive Cattle Development BOGUND ,Bogund,33.686788,75.053358
447,Kulgam,Intensive Cattle Development ASHMUJI ,Ashmuji,33.676801,75.054599
448,Kulgam,Intensive Cattle Development ARWANI ,Arwani ,33.784184,75.065308
449,Kulgam,Frozen Semen Centre HOWRA,Hawoora,33.730674,75.065798
450,Kulgam,Gujjar Backarwal Centre Lammer,Lammer,33.588094,75.077695
451,Kulgam,Intensive Cattle Development QAIMOH ,Qaimoh ,33.7159092,75.0815541
452,Kulgam,Intensive Cattle Development Devsar,MC Devsar ,33.632162,75.084638
453,Kulgam,Intensive Cattle Development Kilam ,Kilam ,33.654663,75.085262
454,Kulgam,Intensive Cattle Development sopat,Sopat ,33.632988,75.101656
455,Kulgam,First Aid Centre Hablish ,Hablish,33.659755,75.102272
456,Kulgam,Gujjar Backarwal Centre KUND,CHECK I WAZOO/WARIPORA,33.570249,75.122977
457,Kulgam,Intensive Cattle Development Chowgam ,Chowgam ,33.622852,75.124141
458,Kulgam ,VAS/GBC Manzgam ,Manzgam ,33.6208,74.8601
459,Kulgam ,GBC Tangmarag ,Tangmarag ,33.6279,74.897
460,Kupwara,First Aid Centre Teetwal,Tetwall,34.401651,73.781758
461,Kupwara,Livestock Development Center Chitterkote,Chetterkote,34.373152,73.797609
462,Kupwara,Livestock Development Center Taad,Tadd,34.354761,73.818932
463,Kupwara,Tehsil Unit Kandi,Kandi,34.394897,73.839653
464,Kupwara,First Aid Centre Khawarpara,Khowarpara.,34.387706,73.848971
465,Kupwara,First Aid Centre Gabra,Gabra,34.364286,73.849441
466,Kupwara,First Aid Centre Naichian,Nachian,34.393984,73.879808
467,Kupwara,Sub Unitb Unit Budinamal,budinumbal,34.492982,73.995675
468,Kupwara,Sub Unitb Unit Chokibal,chowkibal,34.473321,74.052155
469,Kupwara,First Aid Centre Pathroo,pathroo,34.551167,74.076923
470,Kupwara,Frozen Semen Centre Panzgam,panzgam,34.483619,74.07707
471,Kupwara,Intensive Cattle Development Harie,harie,34.525163,74.087719
472,Kupwara,Frozen Semen Centre Meelyal,meelyal,34.537994,74.08988
473,Kupwara,First Aid Centre Kachama,kachama,34.545076,74.095544
474,Kupwara,Intensive Cattle Development Sherkote,sherkote,34.469004,74.102123
475,Kupwara,Sub Unitb Unit Kralpora,kralpora,34.496112,74.109048
476,Kupwara,First Aid Centre Jumgand,JUMGUND,34.637367,74.11986
477,Kupwara,Frozen Semen Centre DardSub Unitb Unitn,dardsun,34.5121,74.125592
478,Kupwara,Intensive Cattle Development Shaloora,sholoora,34.490012,74.129225
479,Kupwara,Frozen Semen Centre Wadder,wadder payeen,34.378836,74.137759
480,Kupwara,Frozen Semen Centre Lilam,lilam,34.456872,74.138543
481,Kupwara,Sub Unitb Unit Keran,keran,34.75,74.14
482,Kupwara,Sub Unitb Unit Villagam,villigam,34.478894,74.142217
483,Kupwara,Intensive Cattle Development Punzwa,punzwa,34.479233,74.166009
484,Kupwara,Block Veterinary Officer Trehgam,Trehgam (CT),34.516528,74.167714
485,Kupwara,Frozen Semen Centre Rajpora,Rajpora,34.402516,74.172837
486,Kupwara,Intensive Cattle Development Kawari,Kawa Wari,34.553826,74.183178
487,Kupwara,First Aid Centre Awoora,Auwoora,34.5565633,74.1861221
488,Kupwara,Intensive Cattle Development Zachaldara,Zachaldara,34.402293,74.197272
489,Kupwara,Frozen Semen Centre Mawar,Mawar,34.346566,74.199716
490,Kupwara,Intensive Cattle Development Batergam,Batter Gam,34.529905,74.217348
491,Kupwara,Intensive Cattle Development Karihama,karihama,34.50731,74.220318
492,Kupwara,Intensive Cattle Development Magam,Lone Mohalla magam,34.457382,74.230648
493,Kupwara,Intensive Cattle Development Wadipora,Wadipora,34.409067,74.235615
494,Kupwara,sub unit batpora,batpora,34.598755,74.241399
495,Kupwara,Intensive Cattle Development Shartgundbala,Shatgund,34.337851,74.242568
496,Kupwara,Frozen Semen Centre Badrehere,baderher,34.381308,74.24873
497,Kupwara,Intensive Cattle Development Ashpora,Ashpora,34.319645,74.255625
498,Kupwara,District Veterinary Hospital Kupwara,Sulkoot Kupwara,34.533322,74.258094
499,Kupwara,Intensive Cattle Development Batapora,Dar Mohalla,34.445312,74.262499
500,Kupwara,Intensive Cattle Development Shahlal,Jamia Masjid,34.432335,74.263184
501,Kupwara,Intensive Cattle Development halmatpora,halmatpora,34.475329,74.26354
502,Kupwara,Intensive Cattle Development Nagri,Nagri,34.475329,74.26354
503,Kupwara,Frozen Semen Centre Hatmulla,Hatmulla,34.493523,74.264334
504,Kupwara,Frozen Semen Centre manzhar,manzhar,34.57007,74.265017
505,Kupwara,Intensive Cattle Development Maratgam,MARATGAM,34.376711,74.281916
506,Kupwara,Intensive Cattle Development Drugmulla,Drugmulla,34.488881,74.282699
507,Kupwara,LDO complex at Sheep Husbandry,jamia qadeem,34.396556,74.288182
508,Kupwara,Intensive Cattle Development Handwara,Handwara,34.396315,74.288259
509,Kupwara,Intensive Cattle Development Shumnag,Shumnnag,34.501251,74.2909722222222
510,Kupwara,Intensive Cattle Development Armpora,Arampora,34.459206,74.291105
511,Kupwara,Intensive Cattle Development Langate,Langate,34.377827,74.309646
512,Kupwara,Khumriyal,KHUMRIYAL,34.5448302,74.313493
513,Kupwara,Intensive Cattle Development Chogul,Maidan Chogal,34.406474,74.316644
514,Kupwara,Nagsari,NAGSARI,34.54,74.32
515,Kupwara,Kalaroose,KALAROOSE,34.573156,74.32
516,Kupwara,Frozen Semen Centre Rawalpora,Rawalpora,34.340162,74.322817
517,Kupwara,mobile unit lashdat,lashdat,34.467526,74.325655
518,Kupwara,Intensive Cattle Development Keegam,Keegam,34.467526,74.325655
519,Kupwara,Sub Unitb Unit Kandi,kandi khas.,34.454645,74.331043
520,Kupwara,Intensive Cattle Development Udipora,Udipora,34.373787,74.333269
521,Kupwara,Walkul,WALKUL,34.546095,74.338072
522,Kupwara,Intensive Cattle Development Deedarpora,deedarpora,34.330241,74.342451
523,Kupwara,Intensive Cattle Development Phorupeth,Pohrupet,34.392614,74.347933
524,Kupwara,Intensive Cattle Development Sub Unitb Unitpernaghma,Supernaghama,34.356522,74.34989
525,Kupwara,Khodi,KHODI,34.545822,74.35939
526,Kupwara,Wavoora,WAVOORA,34.5366149,74.37139244
527,Kupwara,Intensive Cattle Development Unisoo,Unisoo,34.378274,74.372422
528,Kupwara,Gogal,GOGAL,34.4973,74.38
529,Kupwara,Krusan,KRUSAN,34.4973,74.38
530,Kupwara,Chandigam,CHANDIGAM,34.478361,74.385368
531,Kupwara,Sogam,SOGAM,34.4973,74.39
532,Kupwara,Doniwari,DONIWARI,34.4973,74.39
533,Kupwara,Kanipora,KANIPORA,34.4973,74.39
534,Kupwara,Ring,RING,34.4973,74.39
535,Kupwara,Chauntiwari,CHAUNTIWARI,34.53,74.39
536,Kupwara,Sub Unitb Unit Machil,MACHIL,34.531853,74.39
537,Kupwara,Dappal,DAPPAL,34.5373,74.39
538,Kupwara,Maidanpora,MAIDANPORA,34.54007873,74.395968
539,Kupwara,Kuligam,KULIGAM,34.543843,74.423579
540,Kupwara,Takipora,TAKIPORA,34.467423,74.425548
541,Kupwara,Lalpora,Lalpora,34.504922,74.426366
542,Kupwara,Muqam,MUQAM,34.49273601,74.4296935
543,Kupwara,Khurhama,KHURHAMA,34.538057,74.449897
544,Kupwara,Dever,DEVER,34.46024,74.450477
545,Kupwara,Warnow,WARNOW,34.564411,74.460805
546,Pulwama,Kehroot Behak,Sangerwani,33.774505,74.688255
547,Pulwama,Gujjar Backarwal Centre Sangerwani,Sangerwani,33.791764,74.711536
548,Pulwama,Livestock Developmenmt Centre Abhama,Abhama,33.797693,74.743265
549,Pulwama,Frozen Semen Centre khaigam,khaigam,33.814184,74.751913
550,Pulwama,Veterinary Dispenmsary kamrazipora,kamrazipora,33.833366,74.802968
551,Pulwama,Frozen Semen Centre Qasbayar,Qasbayar,33.808218,74.810209
552,Pulwama,Frozen Semen Centre Drabgam,Drabgam,33.823614,74.81618
553,Pulwama,Frozen Semen Centre Rahmoo,Rahmoo,33.853364,74.828103
554,Pulwama,Intensive Cattle Development Kalampora,Kalampora,33.796663,74.829885
555,Pulwama,Intensive Cattle Development Gusoo,Gusoo,33.878093,74.838833
556,Pulwama,Intensive Cattle Development Zagigam,Zagigam,33.851021,74.840296
557,Pulwama,Intensive Cattle Development Rajpora,RAJPORA,33.819784,74.854033
558,Pulwama,Poultry Rearing Space  Rajpora,RAJPORA,33.815023,74.854916
559,Pulwama,Intensive Cattle Development Murran,Murran,33.865352,74.862226
560,Pulwama,Intensive Cattle Development Hawal,HAWAL,33.808848,74.863248
561,Pulwama,Intensive Cattle Development Zadoora,Zadoora,33.907819,74.865863
562,Pulwama,Intensive Cattle Development Tikken,Tikken,33.84542,74.870815
563,Pulwama,Intensive Cattle Development Centre Parigam,parigam,33.947636,74.878519
564,Pulwama,Veterianry Dispensary Karimabad,karimabad,33.895934,74.880301
565,Pulwama,Intensive Cattle Development center Newa,newa,33.924711,74.884738
566,Pulwama,Intensive Cattle Development Nihama,nihama,33.97221,74.885711
567,Pulwama,Intensive Cattle Development Bandzoo,Bandzoo,33.841315,74.890732
568,Pulwama,Intensive Cattle Development Arihal,Arihal,33.813102,74.892834
569,Pulwama,Intensive Cattle Development Indir,inder,33.907414,74.898736
570,Pulwama,Intensive Cattle Development Hakripora,hakripora,33.92968,74.90109
571,Pulwama,Block Veterinary Officer Pulwama/ Intensive Cattle Development Pulwama,PULWAMA,33.872643,74.902104
572,Pulwama,BVO Office/ Intensive Cattle Development Pampore,Kadlabal A ward 13,34.016328,74.912427
573,Pulwama,Intensive Cattle Development PINGLINA,pinglina,33.904625,74.925475
574,Pulwama,Intensive Cattle Development MUGHALPORA,Mughalpora,33.862098,74.927174
575,Pulwama,Intensive Cattle Development SAMBOORA,Samboora,33.957354,74.928002
576,Pulwama,Intensive Cattle Development TAHAB,Tahab,33.833169,74.930104
577,Pulwama,Block Veterinary Officer Kakapora,kakapora,33.94434,74.93019
578,Pulwama,Poultry Rearing Space  kakapora,Kakapora,33.94434,74.93019
579,Pulwama,Intensive Cattle Development Ratnipora,ratnipora,33.922537,74.936804
580,Pulwama,Intensive Cattle Development TALANGAM,talangam,33.884285,74.937634
581,Pulwama,Intensive Cattle Development LASSIPORA,Lassipora,33.813473,74.943847
582,Pulwama,Frozen Semen Centre Chandhara,Chandhara ,33.986367,74.948087
583,Pulwama,Veterinary Dispensary KONIBAL,Konibal ,34.007042,74.948732
584,Pulwama,Intensive Cattle Development Koil,Koil,33.879202,74.950399
585,Pulwama,Intensive Cattle Development Lajoora,lajoora,33.901604,74.957655
586,Pulwama,Intensive Cattle Development PUCHAL,puchal,33.9124511,74.9635641
587,Pulwama,Intensive Cattle Development Achan,Achan,33.805055,74.965773
588,Pulwama,Intensive Cattle Development LETHPORA,Lethpora,33.961702,74.968226
589,Pulwama,Intensive Cattle Development WOYAN,Woyan,34.021377,74.971573
590,Pulwama,Intensive Cattle Development Banderpora,Banderpora ,33.86397872,74.97724211
591,Pulwama,Intensive Cattle Development Wasoora,Wasoora,33.834119,74.978046
592,Pulwama,Intensive Cattle Development GORIPORA,goripora,33.946662,74.978099
593,Pulwama,Intensive Cattle Development Malangpora,Malangpora,33.892236,74.980238
594,Pulwama,Intensive Cattle Development BARSOO,Barsoo,33.949084,74.990794
595,Pulwama,Intensive Cattle Development LADHOO,Ladhoo,33.99858,74.993449
596,Pulwama,Intensive Cattle Development PADGHAMPORA,padgampora,33.9094939,74.9979021
597,Pulwama,Intensive Cattle Development Litter,Litter,33.812997,74.999596
598,Pulwama,Intensive Cattle Development Khrew,Ward 3,34.01882,75.000689
599,Pulwama,Intensive Cattle Development Beighpora,Beighpora,33.879574,75.007394
600,Pulwama,Intensive Cattle Development Chakoora,Chakoora,33.831794,75.012862
601,Pulwama,Intensive Cattle Development Awantipora,ward 7,33.921963,75.013519
602,Pulwama,Intensive Cattle Development PANZGAM,Panzgam,33.845598,75.028262
603,Pulwama,Intensive Cattle Development charsoo,Chursoo,33.879178,75.031418
604,Pulwama,Intensive Cattle Development ZANTRAG,Zantrag ,34.057501,75.033011
605,Pulwama,Intensive Cattle Development Noorpora,Noorpora,33.900965,75.040181
606,Pulwama,Veterianry Dispensary K.Koot,K Koot,33.861225,75.051306
607,Pulwama,Intensive Cattle Development Midoora,Midoora,33.932391,75.062993
608,Pulwama,Intensive Cattle Development Hari Parigam,Hariparigam,33.874535,75.068253
609,Pulwama,Intensive Cattle Development Amlar,Amlar,33.889141,75.072928
610,Pulwama,Frozen Semen Centre Aripal,Aripal,34.021133,75.075101
611,Pulwama,Sub Unit Satoora,Satoora,34.041517,75.076142
612,Pulwama,Nagberan Behak,Nagaberan,34.113364,75.082097
613,Pulwama,Intensive Cattle Development Dadsara,Dadsara,33.905144,75.084773
614,Pulwama,Frozen Semen Centre Lurgam,Lurgam,33.969138,75.091592
615,Pulwama,Veterianry Dispensary Batagund,Batagund,33.960373,75.097797
616,Pulwama,Intensive Cattle Development Amirabad,Amirabad,33.912471,75.104976
617,Pulwama,Intensive Cattle Development Diver,Diver,33.945089,75.11002
618,Pulwama,Intensive Cattle Development RathSuna,Rathsuna,33.904001,75.116044
619,Pulwama,Poultry Rearing Space  Tral,Tral,33.925544,75.119328
620,Pulwama,Tehsil Unit tral,Tral,33.925544,75.119328
621,Pulwama,Intensive Cattle Development tral,Tral,33.925791,75.120561
622,Pulwama,Intensive Cattle Development Shikargah,Shikargah,33.907357,75.126626
623,Pulwama,Intensive Cattle Development Chewa,Chewaullar,33.938504,75.147582
624,Pulwama,First Aid Centre Khalil,Lalpora,33.961914,75.151802
625,Pulwama,Frozen Semen Centre Bathnoor,Bathnoor,33.935707,75.179892
626,Shopian,Livestock Development Center HERPORA,Hirpora,33.674495,74.722897
627,Shopian,Livestock Development Center Keller,Keller,33.776244,74.758593
628,Shopian,VD K.PATHRI ,K-Pathri,33.691978,74.77381
629,Shopian,Gujjar Backarwal Centre Gatipora,Gatipora,33.752232,74.780537
630,Shopian,Gujjar Backarwal Centre-SEDOW ,Sedow,33.668006,74.786443
631,Shopian,Veterinary Dispensary Moshwara ,Moshwara,33.766231,74.792084
632,Shopian,Livestock Development Center Zawoora,Zawoora,33.73718,74.813277
633,Shopian,Intensive Cattle Development Berthipora ,Berthipora,33.772272,74.818324
634,Shopian,Veterinary Dispensary SAIDPORA ,Saidpora,33.6851101,74.824276
635,Shopian,Tehsil Unit Shopian,Shopian,33.719496,74.833085
636,Shopian,Disease Investigation Laboratory. Shopian,Shopian,33.719496,74.833085
637,Shopian,Intensive Cattle Development Shopian,Shopian,33.719497,74.833094
638,Shopian,Intensive Cattle Development Meemandar ,Meemender,33.705367,74.840653
639,Shopian,Intensive Cattle Development SHIRMAL,Shirmal,33.763439,74.845279
640,Shopian,PP Shirmal,Shirmal,33.756576,74.845869
641,Shopian,PP Shirmal,Shirmal,33.756576,74.845869
642,Shopian,PP Shirmal,Shirmal,33.756576,74.845869
643,Shopian,Intensive Cattle Development- RAMNAGRI ,Ramnagri,33.67206,74.84651
644,Shopian,Intensive Cattle Development PINJOORA,Pinjora,33.736925,74.85339
645,Shopian,Intensive Cattle Development Vehil,Vehil,33.68556,74.861613
646,Shopian,Intensive Cattle Development TUKROO ,Tukroo,33.776174,74.862953
647,Shopian,Intensive Cattle Development Kachdoora ,Kachdora,33.679584,74.882612
648,Shopian,Frozen Semen Centre bemnipora ,Bemnipora,33.693491,74.882923
649,Shopian,Intensive Cattle Development Kundallan,Kundallan,33.706312,74.884856
650,Shopian,Intensive Cattle Development TRENZ,Trenz,33.765394,74.888905
651,Shopian,Frozen Semen Centre AHGAM,Ahgam,33.78838,74.89695
652,Shopian,Intensive Cattle Development Kapren,Kapren,33.657127,74.897348
653,Shopian,Intensive Cattle Development Nadigam,Nadigam,33.755732,74.901695
654,Shopian,Intensive Cattle Development DKPORA,D.K.Pora,33.745206,74.912224
655,Shopian,Intensive Cattle Development CHAKOORA,Chakoora,33.709726,74.918903
656,Shopian,Intensive Cattle Development T-wangam,T-wangam,33.783,74.93
657,Shopian,Intensive Cattle Development HERMAIN,Hermain,33.7076576,74.9338283
658,Shopian,Intensive Cattle Development imamsahib,Imamsahib,33.721718,74.941123
659,Shopian,Intensive Cattle Development Centre Nagbal,Nagbal,33.769466,74.946268
660,Shopian,Intensive Cattle Development Sugan,Sugan,33.786,74.953
661,Shopian,Intensive Cattle Development centre chitragam,Chitragam,33.768551,74.978136
662,Shopian,Sub Unit Zainapora ,Zainapora,33.7799,75.0079
663,Shopian,Intensive Cattle Development Zainapora,Zainapora,33.809551,75.03543
664,Shopian,VHCS MELHURA,Melhura,33.8111152,75.0594719
665,Shopian,Intensive Cattle Development awneera ,Awneera,33.762,75.2059
666,Srinagar,Intensive Cattle Development Zewan,Zewan,34.23985,74.54272
667,Srinagar,Sub Unit Mujgund,Mujigund,34.131797,74.709381
668,Srinagar,Sub Unit Bakshipora,Bakshipora,34.13302,74.72722
669,Srinagar,Frozen Semen Centre Zainakote,Zainakote,34.10568,74.72915
670,Srinagar,Frozen Semen Centre Gund Hassi Bhat,Gundihassibhat,34.09299,74.73279
671,Srinagar,Intensive Cattle Development Kreshbal,Krshbal,34.13416,74.73608
672,Srinagar,Intensive Cattle Development Parimpora,Parimpora,34.10479,74.75936
673,Srinagar,Intensive Cattle Development Palpora,Palpora,34.10964,74.76608
674,Srinagar,Intensive Cattle Development HYDERPORA,Hyderpora,34.043992,74.77991
675,Srinagar,Intensive Cattle Development Noorbagh,Noorbagh,34.100371,74.779987
676,Srinagar,Frozen Semen Centre Saidapora,Saidapora,34.11948,74.7829
677,Srinagar,Intensive Cattle Development Batamaloo,Batamaloo,34.06075,74.786918
678,Srinagar,Intensive Cattle Development BARZULLA,Barzulla,34.050035,74.794079
679,Srinagar,Intensive Cattle Development Anchar,Anchar,34.14394,74.79757
680,Srinagar,Intensive Cattle Development RAWALPORA,Rawalpora,34.014748,74.800922
681,Srinagar,Sub Unit Buchpora,Buchpora,34.15665,74.80358
682,Srinagar,Sub Unit Nowhatta,Nowhatta,34.105874,74.808584
683,Srinagar,Intensive Cattle Development Nowshera,Nowshera,34.128158,74.810759
684,Srinagar,Intensive Cattle Development Gulabagh,Gulabagah,34.180394,74.818072
685,Srinagar,Intensive Cattle Development NOWGAM,Nowgam,34.032786,74.820163
686,Srinagar,Intensive Cattle Development Mallabagh,Malabagh,34.14785,74.82019
687,Srinagar,Intensive Cattle Development B.T Mohalla,B.T Mohalla,34.14009,74.82034
688,Srinagar,Intensive Cattle Development Rainawari,Rainawai,34.106739,74.828642
689,Srinagar,Intensive Cattle Development Zakura,Zakoora,34.154944,74.829714
690,Srinagar,Intensive Cattle Development KP BAGH,K.P. Bagh,34.051633,74.830476
691,Srinagar,Intensive Cattle Development Habak,Habak,34.146635,74.83993
692,Srinagar,Sub Unit Sonwar,Sonwar,34.06241,74.84295
693,Srinagar,Intensive Cattle Development Batapora,Batapora,34.162043,74.846513
694,Srinagar,Intensive Cattle Development Habak Homhair,Habak,34.152184,74.852168
695,Srinagar,Intensive Cattle Development Mir Behri,Mir Behri,34.111564,74.854497
696,Srinagar,SUB UNIT LASJAN,Lasjan,34.040087,74.866147
697,Srinagar,Intensive Cattle Development Shalimar,Shalimar,34.151772,74.872098
698,Srinagar,Intensive Cattle Development Chatterhama,Chatterhama,34.18106,74.874895
699,Srinagar,Sub Unit Mulphak,Mulphak,34.167253,74.877211
700,Srinagar,Intensive Cattle Development Brein,Brein,34.10658,74.88093
701,Srinagar,Intensive Cattle Development New Theed,New Theed,34.165908,74.910295
702,Srinagar,Intensive Cattle Development Dara,Dara,34.180904,74.911911
703,Srinagar,Intensive Cattle Development Zawoora,Zawoora,34.04813,74.92063
704,Srinagar,Intensive Cattle Development Balhama,Balhama,34.03362,74.94485
705,Srinagar,Sub Unit Khonmoh,Khonmoh,34.05746,74.95275
